msa,state,county
Boston,Massachusetts,Essex
Boston,Massachusetts,Middlesex
Boston,Massachusetts,Norfolk
Boston,Massachusetts,Plymouth
Boston,Massachusetts,Suffolk
Boston,New Hampshire,Rockingham
Boston,New Hampshire,Strafford
New York,New York,Bronx
New York,New York,Kings
New York,New York,Nassau
New York,New York,New York
New York,New York,Putnam
New York,New York,Queens
New York,New York,Richmond
New York,New York,Rockland
New York,New York,Suffolk
New York,New York,Westchester
New York,New Jersey,Bergen
New York,New Jersey,Essex
New York,New Jersey,Hudson
New York,New Jersey,Hunterdon
New York,New Jersey,Middlesex
New York,New Jersey,Monmouth
New York,New Jersey,Morris
New York,New Jersey,Ocean
New York,New Jersey,Passaic
New York,New Jersey,Somerset
New York,New Jersey,Sussex
New York,New Jersey,Union
Philadelphia,Pennsylvania,Bucks
Philadelphia,Pennsylvania,Chester
Philadelphia,Pennsylvania,Delaware
Philadelphia,Pennsylvania,Montgomery
Philadelphia,Pennsylvania,Philadelphia
Philadelphia,New Jersey,Burlington
Philadelphia,New Jersey,Camden
Philadelphia,New Jersey,Gloucester
Philadelphia,New Jersey,Salem
Philadelphia,Delaware,New Castle
Philadelphia,Maryland,Cecil
Chicago,Illinois,Cook
Chicago,Illinois,DeKalb
Chicago,Illinois,DuPage
Chicago,Illinois,Grundy
Chicago,Illinois,Kane
Chicago,Illinois,Kendall
Chicago,Illinois,Lake
Chicago,Illinois,McHenry
Chicago,Illinois,Will
Chicago,Indiana,Jasper
Chicago,Indiana,Lake
Chicago,Indiana,Newton
Chicago,Indiana,Porter
Cleveland,Ohio,Ashtabula
Cleveland,Ohio,Cuyahoga
Cleveland,Ohio,Geauga
Cleveland,Ohio,Lake
Cleveland,Ohio,Lorain
Cleveland,Ohio,Medina
Detroit,Michigan,Lapeer
Detroit,Michigan,Livingston
Detroit,Michigan,Macomb
Detroit,Michigan,Oakland
Detroit,Michigan,St. Clair
Detroit,Michigan,Wayne
Minneapolis-St. Paul,Minnesota,Anoka
Minneapolis-St. Paul,Minnesota,Carver
Minneapolis-St. Paul,Minnesota,Chisago
Minneapolis-St. Paul,Minnesota,Dakota
Minneapolis-St. Paul,Minnesota,Hennepin
Minneapolis-St. Paul,Minnesota,Isanti
Minneapolis-St. Paul,Minnesota,Le Sueur
Minneapolis-St. Paul,Minnesota,Mille Lacs
Minneapolis-St. Paul,Minnesota,Ramsey
Minneapolis-St. Paul,Minnesota,Scott
Minneapolis-St. Paul,Minnesota,Sherburne
Minneapolis-St. Paul,Minnesota,Washington
Minneapolis-St. Paul,Minnesota,Wright
Minneapolis-St. Paul,Wisconsin,Pierce
Minneapolis-St. Paul,Wisconsin,St. Croix
St. Louis,Missouri,Franklin
St. Louis,Missouri,Jefferson
St. Louis,Missouri,Lincoln
St. Louis,Missouri,St. Charles
St. Louis,Missouri,St. Louis County
St. Louis,Missouri,Warren
St. Louis,Missouri,St. Louis city
St. Louis,Missouri,Crawford
St. Louis,Illinois,Bond
St. Louis,Illinois,Calhoun
St. Louis,Illinois,Clinton
St. Louis,Illinois,Jersey
St. Louis,Illinois,Macoupin
St. Louis,Illinois,Madison
St. Louis,Illinois,Monroe
St. Louis,Illinois,St. Clair
Atlanta,Georgia,Barrow
Atlanta,Georgia,Bartow
Atlanta,Georgia,Butts
Atlanta,Georgia,Carroll
Atlanta,Georgia,Cherokee
Atlanta,Georgia,Clayton
Atlanta,Georgia,Cobb
Atlanta,Georgia,Coweta
Atlanta,Georgia,Dawson
Atlanta,Georgia,DeKalb
Atlanta,Georgia,Douglas
Atlanta,Georgia,Fayette
Atlanta,Georgia,Forsyth
Atlanta,Georgia,Fulton
Atlanta,Georgia,Gwinnett
Atlanta,Georgia,Haralson
Atlanta,Georgia,Heard
Atlanta,Georgia,Henry
Atlanta,Georgia,Jasper
Atlanta,Georgia,Lumpkin
Atlanta,Georgia,Meriwether
Atlanta,Georgia,Morgan
Atlanta,Georgia,Newton
Atlanta,Georgia,Paulding
Atlanta,Georgia,Pickens
Atlanta,Georgia,Pike
Atlanta,Georgia,Rockdale
Atlanta,Georgia,Spalding
Atlanta,Georgia,Walton
Baltimore,Maryland,Anne Arundel
Baltimore,Maryland,Baltimore county
Baltimore,Maryland,Carroll
Baltimore,Maryland,Harford
Baltimore,Maryland,Howard
Baltimore,Maryland,Queen Anne's
Baltimore,Maryland,Baltimore city
Dallas-Ft. Worth,Texas,Collin
Dallas-Ft. Worth,Texas,Dallas
Dallas-Ft. Worth,Texas,Denton
Dallas-Ft. Worth,Texas,Ellis
Dallas-Ft. Worth,Texas,Hunt
Dallas-Ft. Worth,Texas,Johnson
Dallas-Ft. Worth,Texas,Kaufman
Dallas-Ft. Worth,Texas,Parker
Dallas-Ft. Worth,Texas,Rockwall
Dallas-Ft. Worth,Texas,Tarrant
Dallas-Ft. Worth,Texas,Wise
Houston,Texas,Austin
Houston,Texas,Brazoria
Houston,Texas,Chambers
Houston,Texas,Fort Bend
Houston,Texas,Galveston
Houston,Texas,Harris
Houston,Texas,Liberty
Houston,Texas,Montgomery
Houston,Texas,San Jacinto
Houston,Texas,Waller
Miami,Florida,Broward
Miami,Florida,Miami-Dade
Miami,Florida,Palm Beach
Tampa,Florida,Hernando
Tampa,Florida,Hillsborough
Tampa,Florida,Pasco
Tampa,Florida,Pinellas
"Washington, D.C.",District of Columbia,District of Columbia
"Washington, D.C.",Maryland,Charles
"Washington, D.C.",Maryland,Frederick
"Washington, D.C.",Maryland,Montgomery
"Washington, D.C.",Maryland,Prince George's
"Washington, D.C.",Virginia,Arlington
"Washington, D.C.",Virginia,Clarke
"Washington, D.C.",Virginia,Culpeper
"Washington, D.C.",Virginia,Fairfax county
"Washington, D.C.",Virginia,Fauquier
"Washington, D.C.",Virginia,Loudoun
"Washington, D.C.",Virginia,Prince William
"Washington, D.C.",Virginia,Rappahannock
"Washington, D.C.",Virginia,Spotsylvania
"Washington, D.C.",Virginia,Stafford
"Washington, D.C.",Virginia,Warren
"Washington, D.C.",Virginia,Alexandria city
"Washington, D.C.",Virginia,Fairfax city
"Washington, D.C.",Virginia,Falls Church city
"Washington, D.C.",Virginia,Fredericksburg city
"Washington, D.C.",Virginia,Manassas city
"Washington, D.C.",Virginia,Manassas Park city
"Washington, D.C.",West Virginia,Jefferson
Anchorage,Alaska,Anchorage
Anchorage,Alaska,Matanuska-Susitna
Denver,Colorado,Adams
Denver,Colorado,Arapahoe
Denver,Colorado,Broomfield
Denver,Colorado,Clear Creek
Denver,Colorado,Denver
Denver,Colorado,Douglas
Denver,Colorado,Elbert
Denver,Colorado,Gilpin
Denver,Colorado,Jefferson
Denver,Colorado,Park
Honolulu,Hawaii,Honolulu
Los Angeles,California,Los Angeles
Los Angeles,California,Orange
Phoenix,Arizona,Maricopa
Phoenix,Arizona,Pinal
San Diego,California,San Diego
San Francisco,California,Alameda
San Francisco,California,Contra Costa
San Francisco,California,Marin
San Francisco,California,San Francisco
San Francisco,California,San Mateo
Seattle,Washington,King
Seattle,Washington,Pierce
Seattle,Washington,Snohomish
